,accuracy,loss,val_accuracy,val_loss
0,0.37017762660980225,1.7748699188232422,0.49646610021591187,1.472531795501709
1,0.5232047438621521,1.3860876560211182,0.5518624782562256,1.3340991735458374
2,0.5965431332588196,1.193411946296692,0.5801337361335754,1.2919121980667114
3,0.6419499516487122,1.0639342069625854,0.5887296795845032,1.2628364562988281
4,0.678810179233551,0.953830361366272,0.6106972098350525,1.2161908149719238
5,0.7172459959983826,0.8406732678413391,0.5952244400978088,1.2832627296447754
6,0.7479946613311768,0.753206729888916,0.6265520453453064,1.2677040100097656
7,0.779316246509552,0.6612749099731445,0.619293212890625,1.3592889308929443
