epoca,accuracy,loss,val_accuracy,val_loss
0,0.795796275138855,0.5730977654457092,0.8518333435058594,0.4085603356361389
1,0.8683333396911621,0.37015897035598755,0.8865000009536743,0.31821104884147644
2,0.8853333592414856,0.32259511947631836,0.8983333110809326,0.28375163674354553
3,0.89598149061203,0.2923552989959717,0.9010000228881836,0.27186325192451477
4,0.9031481742858887,0.27006596326828003,0.902999997138977,0.2643856108188629
