,accuracy,loss,val_accuracy,val_loss
0,0.3096352219581604,1.9351041316986084,0.4540592133998871,1.6023141145706177
1,0.42842820286750793,1.6264079809188843,0.5218720436096191,1.4122788906097412
2,0.4795645475387573,1.4889556169509888,0.5400190949440002,1.3304187059402466
3,0.5065412521362305,1.4131247997283936,0.5761222243309021,1.2764606475830078
4,0.5272631645202637,1.3528002500534058,0.5826169848442078,1.2370773553848267
5,0.5489400029182434,1.293324589729309,0.5938872694969177,1.2047176361083984
6,0.5596829652786255,1.256730556488037,0.5971346497535706,1.1849173307418823
7,0.581264317035675,1.2103766202926636,0.5984718203544617,1.1789392232894897
