,accuracy,loss,val_accuracy,val_loss
0,0.303475946187973,1.9531699419021606,0.444317102432251,1.634507656097412
1,0.412480890750885,1.6571325063705444,0.49321871995925903,1.48694908618927
2,0.46452444791793823,1.5180529356002808,0.553390622138977,1.3267499208450317
3,0.4999045133590698,1.4319955110549927,0.5648519396781921,1.311964988708496
4,0.5193372964859009,1.3733774423599243,0.57402104139328,1.2797991037368774
5,0.5343296527862549,1.3188741207122803,0.584145188331604,1.2314627170562744
6,0.5473644137382507,1.2832835912704468,0.59083092212677,1.1936999559402466
7,0.5620225071907043,1.2490463256835938,0.6024832725524902,1.1787707805633545
