modelo,accuracy,precision_macro,recall_macro,f1_macro,precision_weighted,recall_weighted,f1_weighted,parametros
cnn_dropout,0.8977,0.9022299538799189,0.8977,0.8979549523495469,0.9022299538799189,0.8977,0.897954952349547,106058
cnn_pequena,0.89,0.8920376649462183,0.8899999999999999,0.8884651974815441,0.8920376649462183,0.89,0.8884651974815441,105866
