modelo,accuracy
compact,0.4976122254059217
regularized,0.623686723973257
